Workbook

Sheet Executive Summary
A1: KAAPI CULTURE | B1: Paid Ads Performance Report — July 2026
A3: Brand | B3: Kaapi Culture — D2C single-origin filter kaapi subscription brand (fictional, for portfolio use)
A4: Reporting period | B4: 1 – 31 July 2026
A5: Platforms | B5: Meta Ads (Instagram + Facebook) and Google Ads (Search + Performance Max)
A6: Campaigns tracked | B6: 6 (3 Meta, 3 Google)
A7: Prepared for | B7: ScholarX Digital Marketing Internship — Project 2
A9: Headline results
A10: Total spend | B10: =SUM('Campaign Performance'!H2:H31) -> 150000
A11: Total revenue | B11: =SUM('Campaign Performance'!M2:M31) -> 732992
A12: Blended ROAS | B12: =B11/B10 -> 4.8866133
A13: Total conversions | B13: =SUM('Campaign Performance'!J2:J31) -> 1108
A14: Blended CPA | B14: =B10/B13 -> 135.37906
A15: Total clicks | B15: =SUM('Campaign Performance'!F2:F31) -> 31440
A16: Total impressions | B16: =SUM('Campaign Performance'!E2:E31) -> 1227719
A17: Blended CTR | B17: =B15/B16 -> 0.025608466
A19: Platform split
A20: Meta — Spend | B20: =SUMIF('Campaign Performance'!B2:B31,"Meta",'Campaign Performance'!H2:H31) -> 90000
A21: Meta — Revenue | B21: =SUMIF('Campaign Performance'!B2:B31,"Meta",'Campaign Performance'!M2:M31) -> 445656
A22: Google — Spend | B22: =SUMIF('Campaign Performance'!B2:B31,"Google",'Campaign Performance'!H2:H31) -> 60000
A23: Google — Revenue | B23: =SUMIF('Campaign Performance'!B2:B31,"Google",'Campaign Performance'!M2:M31) -> 287336
A25: Key insights
A26: • | B26: Retargeting — Subscribe (Meta) was the strongest performer: ₹35,000 spend drove 399 conversions at a 6.83x ROAS and the lowest CPA (₹87.72) of any campaign — warm-audience retargeting converts far more efficiently than cold reach.
A27: • | B27: Performance Max — Gifting (Google) delivered the second-best ROAS (6.43x) on the back of a higher ₹1,299 gift-box AOV, even with fewer conversions — a good candidate for scaling ahead of the August festive campaign.
A28: • | B28: Brand Awareness — Reels and Search — Competitor Terms were the weakest campaigns (2.5x and 2.44x ROAS). Both serve top-of-funnel goals rather than direct conversion, so they should be judged on reach/consideration, not ROAS alone.
A29: • | B29: Meta out-performed Google on blended ROAS (4.95x vs 4.79x) and CPA (₹120.97 vs ₹164.84), largely driven by retargeting; Google's Search — Branded + Generic still delivered a healthy 4.89x ROAS from high-intent traffic.
A30: • | B30: Performance improved week over week as targeting and creative were optimised — CTR and conversion rate both trended upward from Week 1 to Week 5, with an added lift in Weeks 4–5 from the #MyKaapiMoment giveaway and July offers, which aligned paid spend with the organic content calendar.
A32: Recommendations for August
A33: → | B33: Reallocate ~₹10,000/month from Search — Competitor Terms into Retargeting — Subscribe to capture more high-intent, warm-audience conversions.
A34: → | B34: Scale Performance Max — Gifting ahead of the August Independence Day campaign teased in the content calendar; gifting AOV nearly doubles standard subscription AOV.
A35: → | B35: Keep Brand Awareness — Reels funded at a similar level, but measure it on reach and video completion rate rather than ROAS, and feed top performers into future retargeting audiences.
A36: → | B36: Time UGC-driven paid boosts (e.g. #MyKaapiMoment) to run alongside organic community weeks, as this is when engagement and CVR both peaked in July.

Sheet Campaign Performance
A1: Week | B1: Platform | C1: Campaign | D1: Objective | E1: Impressions | F1: Clicks | G1: CTR (%) | H1: Spend (₹) | I1: CPC (₹) | J1: Conversions | K1: CVR (%) | L1: CPA (₹) | M1: Revenue (₹) | N1: ROAS
A2: 1 | B2: Meta | C2: Brand Awareness — Reels | D2: Awareness / Video Views | E2: 100889 | F2: 1816 | G2: =F2/E2 -> 0.01799998 | H2: 5810 | I2: =H2/F2 -> 3.1993392 | J2: 22 | K2: =J2/F2 -> 0.012114537 | L2: =H2/J2 -> 264.09091 | M2: 13178 | N2: =M2/H2 -> 2.2681583
A3: 2 | B3: Meta | C3: Brand Awareness — Reels | D3: Awareness / Video Views | E3: 114744 | F3: 2148 | G3: =F3/E3 -> 0.018719933 | H3: 6770 | I3: =H3/F3 -> 3.1517691 | J3: 27 | K3: =J3/F3 -> 0.012569832 | L3: =H3/J3 -> 250.74074 | M3: 16173 | N3: =M3/H3 -> 2.3889217
A4: 3 | B4: Meta | C4: Brand Awareness — Reels | D4: Awareness / Video Views | E4: 112346 | F4: 2184 | G4: =F4/E4 -> 0.019439944 | H4: 6780 | I4: =H4/F4 -> 3.1043956 | J4: 28 | K4: =J4/F4 -> 0.012820513 | L4: =H4/J4 -> 242.14286 | M4: 16772 | N4: =M4/H4 -> 2.4737463
A5: 4 | B5: Meta | C5: Brand Awareness — Reels | D5: Awareness / Video Views | E5: 109871 | F5: 2215 | G5: =F5/E5 -> 0.020160006 | H5: 6770 | I5: =H5/F5 -> 3.0564334 | J5: 30 | K5: =J5/F5 -> 0.013544018 | L5: =H5/J5 -> 225.66667 | M5: 17970 | N5: =M5/H5 -> 2.6543575
A6: 5 | B6: Meta | C6: Brand Awareness — Reels | D6: Awareness / Video Views | E6: 61638 | F6: 1287 | G6: =F6/E6 -> 0.020879977 | H6: 3870 | I6: =H6/F6 -> 3.006993 | J6: 18 | K6: =J6/F6 -> 0.013986014 | L6: =H6/J6 -> 215 | M6: 10782 | N6: =M6/H6 -> 2.7860465
A7: 1 | B7: Meta | C7: Retargeting — Subscribe | D7: Conversions | E7: 41680 | F7: 1042 | G7: =F7/E7 -> 0.025 | H7: 6770 | I7: =H7/F7 -> 6.4971209 | J7: 68 | K7: =J7/F7 -> 0.065259117 | L7: =H7/J7 -> 99.558824 | M7: 40732 | N7: =M7/H7 -> 6.0165436
A8: 2 | B8: Meta | C8: Retargeting — Subscribe | D8: Conversions | E8: 47462 | F8: 1234 | G8: =F8/E8 -> 0.025999747 | H8: 7900 | I8: =H8/F8 -> 6.4019449 | J8: 83 | K8: =J8/F8 -> 0.06726094 | L8: =H8/J8 -> 95.180723 | M8: 49717 | N8: =M8/H8 -> 6.2932911
A9: 3 | B9: Meta | C9: Retargeting — Subscribe | D9: Conversions | E9: 46481 | F9: 1255 | G9: =F9/E9 -> 0.02700028 | H9: 7910 | I9: =H9/F9 -> 6.3027888 | J9: 88 | K9: =J9/F9 -> 0.070119522 | L9: =H9/J9 -> 89.886364 | M9: 52712 | N9: =M9/H9 -> 6.6639697
A10: 4 | B10: Meta | C10: Retargeting — Subscribe | D10: Conversions | E10: 45464 | F10: 1273 | G10: =F10/E10 -> 0.028000176 | H10: 7900 | I10: =H10/F10 -> 6.205813 | J10: 93 | K10: =J10/F10 -> 0.073055774 | L10: =H10/J10 -> 84.946237 | M10: 55707 | N10: =M10/H10 -> 7.051519
A11: 5 | B11: Meta | C11: Retargeting — Subscribe | D11: Conversions | E11: 21264 | F11: 740 | G11: =F11/E11 -> 0.034800602 | H11: 4520 | I11: =H11/F11 -> 6.1081081 | J11: 67 | K11: =J11/F11 -> 0.090540541 | L11: =H11/J11 -> 67.462687 | M11: 40133 | N11: =M11/H11 -> 8.8789823
A12: 1 | B12: Meta | C12: UGC Giveaway Boost | D12: Engagement / Traffic | E12: 54031 | F12: 1729 | G12: =F12/E12 -> 0.032000148 | H12: 4840 | I12: =H12/F12 -> 2.799306 | J12: 35 | K12: =J12/F12 -> 0.020242915 | L12: =H12/J12 -> 138.28571 | M12: 20965 | N12: =M12/H12 -> 4.3316116
A13: 2 | B13: Meta | C13: UGC Giveaway Boost | D13: Engagement / Traffic | E13: 61569 | F13: 2049 | G13: =F13/E13 -> 0.033279735 | H13: 5650 | I13: =H13/F13 -> 2.7574427 | J13: 43 | K13: =J13/F13 -> 0.020985847 | L13: =H13/J13 -> 131.39535 | M13: 25757 | N13: =M13/H13 -> 4.5587611
... A31: 5 | B31: Google | C31: Search — Competitor Terms | D31: Search / Consideration | E31: 5402 | F31: 188 | G31: =F31/E31 -> 0.034801925 | H31: 1940 | I31: =H31/F31 -> 10.319149 | J31: 9 | K31: =J31/F31 -> 0.04787234 | L31: =H31/J31 -> 215.55556 | M31: 5391 | N31: =M31/H31 -> 2.778866

Sheet Weekly Trend & Charts
A1: Week | B1: Week Theme | C1: Spend (₹) | D1: Clicks | E1: Conversions | F1: Revenue (₹) | G1: ROAS | H1: CTR (%) | I1: CVR (%)
A2: 1 | B2: Brand Introduction & Heritage | C2: 29030 | D2: 5913 | E2: 189 | F2: 125111 | G2: =F2/C2 -> 4.3097141 | H2: =D2/253578 -> 0.023318269 | I2: =E2/D2 -> 0.03196347
A3: 2 | B3: Brew Education | C3: 33880 | D3: 7004 | E3: 230 | F3: 151770 | G3: =F3/C3 -> 4.479634 | H3: =D3/288764 -> 0.024255101 | I3: =E3/D3 -> 0.032838378
A4: 3 | B4: Sourcing & Behind-the-Scenes | C4: 33840 | D4: 7104 | E4: 243 | F4: 160957 | G4: =F4/C4 -> 4.7564125 | H4: =D4/282154 -> 0.02517774 | I4: =E4/D4 -> 0.034206081
A5: 4 | B5: Community & UGC | C5: 33880 | D5: 7223 | E5: 273 | F5: 179627 | G5: =F5/C5 -> 5.3018595 | H5: =D5/261218 -> 0.027651234 | I5: =E5/D5 -> 0.03779593
A6: 5 | B6: Offers, Recap & August Teaser | C6: 19370 | D6: 4196 | E6: 173 | F6: 115527 | G6: =F6/C6 -> 5.964223 | H6: =D6/142005 -> 0.029548255 | I6: =E6/D6 -> 0.041229743
